volterra,nominal,zentral,NN,NN x10,NN x100
PySINDy abs. Fehler,0.0,0.00141,0.0121,0.00591,0.00516
DiffEq abs. Fehler,0.02013,0.08252,0.10629,0.06855,0.06377
SINDy naiv abs. Fehler,0.0,0.00141,0.0121,0.00587,0.00516
PySINDy rel. Fehler,0.0,0.00232,0.0251,0.0124,0.01083
DiffEq rel. Fehler,0.04088,0.16729,0.21219,0.13596,0.12614
SINDy naiv rel. Fehler,0.0,0.00232,0.0251,0.0123,0.01084
